COVID,Lung_Opacity,Normal,Viral Pneumonia
1.4627764612954186,0.8801687262357415,0.5191687692738997,3.935972369819341
